<?xml version="1.0" encoding="UTF-8"?>
<project-private xmlns="http://www.netbeans.org/ns/project-private/1">
    <editor-bookmarks xmlns="http://www.netbeans.org/ns/editor-bookmarks/2" lastBookmarkId="0"/>
    <open-files xmlns="http://www.netbeans.org/ns/projectui-open-files/2">
        <group>
            <file>file:/C:/wamp64/www/ghurbo/livesearch2.php</file>
            <file>file:/C:/wamp64/www/ghurbo/test2.php</file>
            <file>file:/C:/wamp64/www/ghurbo/results.php</file>
            <file>file:/C:/wamp64/www/ghurbo/index.php</file>
            <file>file:/C:/wamp64/www/ghurbo/test.php</file>
            <file>file:/C:/wamp64/www/ghurbo/livesearch.php</file>
            <file>file:/C:/wamp64/www/ghurbo/form.php</file>
            <file>file:/C:/wamp64/www/ghurbo/out.txt</file>
        </group>
    </open-files>
</project-private>
